1000001	1301578	3066739	1309004	1292063	1292001	1498818	1292062	1437342	1291822	1484091	1867408	1292055	1291584	1291847	1793909	1291858	1291545	1291579	3227410	1291561	1292047	1296753	1470600	3808604	1291828	1394819	1291875	1793491	1292222	1292208	1292722	1763134	1292229	1291544	1292223	1292064	3626416	1291565	1293818	1292720	1291562	1291840	1578507	1291586	1309046	1302827	2336785	1292218	1794171	1455979	1292211	2300586	1295644	4023638	1820156	1291571	1777612	1291832	1293350	1419297	1292049	3569943	1292048	1291843	2334814	3395373	3882715	1783457	1296736	3541415	1457217	1309055	1297478	3072124	3212120	1291577	1292214	3190880	1438652	1295399	1309060	1291879	1292287	1291573	1949312	1291582	1293544	1291824	1292274	1291580	1292270	1298744	2124703	1297131	1291543	1299131	1781126
1000023	3541415	1291828	1300299	1401535	1294639	1307739	1329936	1301459	1300868	1291545	1292553	1301445	1309201	1308767	2044089	1304102	1302425	1793909	1485260	3443389	3654340	1291560	1291868	3610047	1306249	1866479	1972698	1292484	1297544	3649049	1291572	1298744	1297518	3006772	1300656	1292287	2999913	1947549	1309021	1855834	3279080	1300303	1419936	1292281	1292659	2209573	1292849	1292402	1578507	1292052	1418834	2132932	1793912	1297447	1309027	1291843	3205624	3190880	3312344	1466007	1455979	1295280	1291586	1304972	1329950	2998270	1298624	2028645	1292275	1291546	3642835	1291561	1291571	1292720	3569943	1307847	1291841	1303815	3007773	3993559	2051007	1293531	1292223	1418192	3003137	1301726	1438652	1291999	3072124	3920977	3158990	3073124	3168089	1295644	4914468	1299362	3011235	1291824	1291844	1652587	1295686	1292226	1946882	1292728	3075287	1794171	1291584	3596502	1309046	1291557	1295865	2357162	1292215	1410556	3626372	1293530	1301617	3287562	1291870	1783457	1308843	3006783	1291580	1291875	2156528	1302987	3104794	1291552	1308779	1297689	3041269	1866471	3771562	1305279	3754946	1851857
1000030	1293530	1291572	1292659	1293172	1309052	1302425	1309004	1292213	1291549	1292055	1297747	1291838	1292047	2300586	1291543	1293203	1297223	1652587	1794435	1455979	1292444	1291858	1294408	1305355	4924142	1418200	3530403	1291560	1292219	1292523	1293318	1291561	1297863	1300616	1308799	1292371	1303394	1308747	1307394	1308974	1291545	1292402	1291875	1323749	1388175	1300267	1297518	1469441	1304530	1296909	1295399	1291583	4920528	1307023	1783457	3596502	1292220	1859036	1307793	1293359	1291562	1309055	1306249	1876781	1297052	1292215	6041191	1299398	1291868	1388216	1418019	1292722	1308820	1291577	1865703	1945549	1309060	1329936	1300498	1291579	1292226	1325958	1293167	1306951	1292048	2144242	1422952	1299680	1291557	1756073	1291580	1309043	1291879	1393859	1292434	1292281	1394819
1000043	1900841	2144242	1291841	1306249	1291546	2357162	1433577	2037012	1299398	1298624	4066125	1419297	1291584	1291549	1857099	1315574	1945336	2051007	1292722	3742360	1927686	1302827	1401533	1292215	1305690	2053515	1292271	1291870	1794171	1851857	1292260	1292052	1305666	1760027	1297447	3230459	1920805	1298070	1291550	1291836	1291548	1793491	1793912	2124703	1301746	1652587	1783772	1292287	1291879	1401535	1309027	1292262	1292208	2336737	3268216	3205624	1303246	1482072	1292267	1946882	1961963	1302467	1309043	3530403	1578507	1292720	1585146	1304141	1291835	3313801	3158990	1783457	1291580	1867345	3077668	1291843	1485260	1325958	3217165	1828115	1329950	1835843	1777612	1947549	1467044	1316510	1315316	1316580	1295865	1760104	3041806	1292328	2209573	1308817	1293350	1291999	1418192	1292849	1890784	2124586	1844413	1299131	2300586	1978709	1428175	1304397	1293544	1972698	2082013	2131459	1307914
1000045	4913200	1947089	1315316	3041294	3808604	2357162	3338821	1305724	1301445	1292052	1293414	2334814	3274505	6522269	1292262	1291546	1428175	3006772	1859036	1853621	4843637	1432146	1307527	1291552	1303246	4942776	1301345	1291992	4920528	3077791	3233635	2144242	1857099	1301726	1291584	1295686	3642835	3412882	1309021	2255893	1837856	1437342	1292226	1309016	1297863	1291850	1485260	3075287	1309203	3102668	1292055	1905462	1418834	1292219	3011235	1300069	1292402	3120852	1419297	1293702	3068206	1418752	3178770	1441602	4151110	1294990	4286017	1292063	2027938	1851857	1295644	2054933	3291930	3179706	1295250	1291561	1291847	1293530	1298586	1292218	2354729	1309060	1820156	1949312	3111355	2131459	3543690	1307914	1401524	2053515	3018123	3626416	2353023	1291818	1291573	3217165	1470600	3005875	1291824	1298525	1291578	3541415	1308575	1308843	2124703	4206357	1966464	2028677	1309043	1872133	2028647	1293537	1293013	3771562
1000062	1295644	1302827	3592853	1401535	1851857	6040982	2046839	3179706	3771562	1837856	1308779	1308843	1422920	2257732	1309021	1292505	1294990	1298070	1298744	1300618	3001077	3412830	3178770	2156528	2159331	1418190	1292728	1292523	2334904	1307763	3143676	1418192	1306507	1291843	1945336	1585146	11502153	3041806	1291844	1293167	1304102	1292326	1292267	1292722	3041294	1315574	1301168	3986493	3274505	2153526	2028645	1291552	2144242	1292217	1292233	4914468	2156945	3227410	1302467	1298525	1308767	2300586	1293013	1767042	1291571	3990470	1307542	1820156	1292064	1292484	3068206	3628370	3005875	1862151	2997134	6522269	3642835	3569943	1295280	2223596	1291580	3314870	1301445	1291572	1401524	1482911	3610047	2363876	1947549	1780330	1946882	7054120	3006783	2354729	4924142	1419936	1828115	1578507	2998270	1297689	1293173	3041264	1304141	1293537	1291824	3569911	3120852	3104794	1876781	3205624	1301345	1306612	3066739	1300055	3279080	2275370	4206357	1292553	2174535	1410556	3006772	3073124	3075287	1305487	1292226	2209573	1792928	1927369	4845728	2146991	3190880	4051753	1291546	1300656	2997052
1000072	1308807	1793912	1301445	1291875	1304102	1292000	1291583	1418605	1295865	1300303	1851857	1293530	3036997	1292226	2010975	1308843	1292523	1304972	2044089	1291543	1301171	1306249	3543690	1295242	1292528	1291549	1292728	1292343	1305724	4873490	1482072	2046839	1291586	1851906	1301168	1308848	1304141	1806555	1293350	1292722	1293839	1793491	2053515	1295644	1292220	1299398	1308833	1294990	3006772	1764796	1329936	1981242	1307739	1315574	1292656	3073124	3215640	1305690	3148748	1418189	1292402	1308747	1828115	1949312	1885124	1294417	1291578	1298586	1298898	1432146	1292365	2223596	1293544	1292063	1308575	1293145	1293173	5964718	1300741	2294568	1291573	1291575	1295229	1307694	1295253	2028666	1291552	1291561	1305279	1471507	1303394	1299327	1291550	2213597	1316505	1307014	1293318	1302827	1297689	1302467	1295250	1428175	1972729	1291580	1291841	2209573	1309027	1291822	1853176	1298070	1307914	1862151	2357162	1300618	4164444	1292484	1297018	3233761	1306612	1294638	1849031	1293351	1308857	1293764	1293460	1308776	1291844	1308570	1858802	1994876	1437342	1309004	1306123	1291828	1820156	1291582	1291546	1295409	1308779	1388216	1418190	1299193	1292214	1872133	1303173	1292275	1292260	1794171	1291571	2131459	1307106	1947089	1292287	1294833	1309043	2080133	1292849	4226741	1291999	1418834	1293964	1291843	1763134	1401533	1293167	1292370	1859036	3626416	1292328	1296436	1291577	1329950	1292450	1950148	1291579	1891179	1428878	1300656	1292720	1760622	2336737	1306505	1301753	1578507	1295124	1291572	1295686	3041806	1298744	2132932	1418070	1293315	1329562	1307793	1292001	1783457	2028645	1292213	1291581	1866475	1296909	1308767	1315316	1297763	1292056	1292326	1292553	1308755	1292223	2146991	1292052	1293013	1293531	1292274	1297447	1297574
1000073	2127799	3003137	1424620	1417454	1292328	1950148	1291999	1291565	1291561	1291868	3005875	1760622	2998270	2209573	1308817	1307793	2124586	3155975	2976123	3041264	1945640	1417947	1291836	1858802	1303815	1415200	1306854	1865561	1300374	2135981	1293964	1303037	1307023	1292233	1783772	2124703	2001721	1292281	1900841	1296078	1369747	1306160	1297052	1292048	2996640	1292262	3041806	1410556	2213597	3158990	1301726	1307350	1291558	1441893	1292401	1441238	2297265	1849031	1291559	3268216	1306979	1292056	1295644	1303520	1291856	1305694	1292234	1291548	1292402	1300960	1308820	3734112	1291859	1292434	1292217	3077791	1292055	1296778	1585146	2359431	1293818	2149806	1465829	1296339	1862151	1294533	2969282	2052978	1829654	1422920	1898223	3442220	3626416	1291838	1891179	1316682	1885124	1295399	1292326	1820156	1418834	1498818	1689787	2146991	3313801	1292773	1499148	1292790	1781126	1301890	1293399	2028666	1309163	1296736	6307447	1994876
1000103	1291869	1304447	2149806	1295686	1292370	1900841	1303173	1303815	1304022	1292656	1291835	1760622	1291550	4191644	1292348	4133988	1292343	2053515	1291870	2998270	1292062	2213597	1294950	1306861	1306029	1927369	1329950	1433577	1309046	1293530	1296736	4847665	2213591	1308820	2996640	1300529	1293350	1292214	1465829	1297478	1291836	1291546	3205624	1291992	3230459	1914831	1292052	3072086	3077791	1291990	1291580	4896304	1828115	1292274	3313801	1297192	3008247	1298909	1780330	3011093	3275168	1291842	1295965	1292055	2132495	1293182	3120852	2361823	2028666	1309163	2209573	3986493	1295045	1862151	1295644	1291832	3734112	1950148	3442220	1293825	1438652	6128003	1292401	1301617	1303590	3742360	3626372	1978709	1498818	2003389	1291828	1292528	1292000	1652587	1291584	1418834	4206436	1292001	1296436	1308755	2161696	1308747	1806555	3011091	1937401	1474180	1297630	1418200	1388216	1291875	2055017	4023638	1291879	1291549	1421809	1301169	2997052	1945549	1298624	1291548	1294007	1291856	2156945	1297138	1291868	1299603	3073158	1308974	3541415	1301171	1308777	3878019	6110546	1915403	2044089	1298038	1301106
1000143	1292402	1293351	1309199	1291999	2336785	1294950	1316510	3041806	2357162	1465829	1291561	1484091	1292222	1292365	1295124	1303173	1308587	1304073	1298624	1792928	2132932	1306029	1304972	1292224	1296996	1867408	1295965	1294639	1862151	1291841	3731581	1297447	2209573	1652587	1292223	1299131	1292275	1292260	1291856	1292722	1295038	1308747	1306249	1309016	1292286	1302476	1292287	1294638	1291822	1866475	1307739	1395471	1291545	1291875	1305466	3233635	1291550	1891179	1947549	1295644	2353023	1291870	1291853	1305164	1291843	1298898	1309101	4009651	4873490	1292220	1300220	1820156	1291546	1304641	1292052	1292233	2257732	1907464	1303815	1401524	1292328	1291859	1308974	1292528	1293839	1853621	1298038	1308777	1307696	1292262	1308779
1000147	1291990	1308575	1794171	1291575	2275370	1293135	1867345	1301578	3077839	2154096	1760027	1440703	1828115	1297763	1945336	1304624	1307739	1297570	1306249	1783457	1292402	1291543	1820156	1945549	1304854	1455979	3230459	1920796	3412882	3734112	1292213	1304585	1303203	2149806	1293537	3001077	1291561	1308804	1477448	1441238	1292001	1308777	2976123	1293167	1859036	2369549	2346881	1301345	1291869	1857099	2080133	1862151	1863947	2153527	1298624	1418605	1305355	3212120	1890784	1482911	1298446	2055017	1291550	1294417	1291875	1867408	1293544	1291847	1465829	1950148	3168089	1307914	1315316	1981242	1939414	1295242	1419297	1419936	1306029	1849031	1907464	1890157	1293088	1329936	4009651	1291870	3991933	2078864	1300303	1297223	2010975	2053515	1305065	1578507	1291856	3041806	1905462	1428175	3158990	1291868	1297018	1418200	1851857	1303246	1291842	1499008	3569911	1300498	1301726	3078609	1307528	1947549	3652302	1291822	1949811	3742360	1766086	1947089	1878360	2156945	1304641	1308974	1300656	1872133	3268216	3230462	3291930	6890730	3011102	1292287	1309016	1305466	2131459	1949812	1997685	1309046	1294927	1292656	1300220	2300586	1829230	2161696	1291824	1300960	1329562	1835843	1297863	1316510	1305224	1292344	2359431	1297102	1900841	1291858	1308747	1292063	1293203	1291833	1304447	3569943	1760622	1292659	2037012	1292328	2027938	2003389	1308848	1325958	1459368	2146991
1000148	1291548	1295229	3072086	1793491	1851906	1304624	2369845	1858711	1292000	1298586	2052978	2998270	3041806	1291577	1759386	3313801	2129039	1292262	1961963	3148027	1863955	1689787	3412882	2153526	1291850	1767042	1297052	1292222	1315574	1905462	1299398	2996640	2132495	2209573	3158990	2054933	1291835	1308817	1477448	1293350	2213597	1291999	1309055	1441238	1291557	1777612	1485260	1305690	1301169	1395471	1308807	3813779	1476023	1457217	2131459	1292656	1291832	1764796	1299193	3077791	1498831	2053515	1292289	2147854	1418192	1292208	1451911	1315316	1292213	1652587	1291833	1820156	1297747	2336785	3734112	1950148	1866264	3289086	1308777	1291544	1783457	1401524	1981242	1329950	1862151	2028645	1432146	3072124	1309060	1585146	3233761	3205624	1858802	2132932	1304447	1898223	1828115	1307847	3006772	1851857	3215640	1946882	1291561	1292001	1498818	1291552	2336737	3737102	1291840	2156945	2148257	2082013	1401535
1000152	1292370	1308575	1297518	2275370	2334904	3011051	1308857	1305541	1294417	1291565	1292274	1817169	1393859	1777612	2082013	1303394	1304447	4286017	1304022	1292287	1299131	1431947	3077668	1297544	6041191	1959877	1294408	1292679	4876722	3412882	1301168	2053515	1306249	3908423	1309043	1291859	1293414	1862151	3882715	1308747	1291572	1866264	1307323	1306505	1295644	1291870	1300616	2132495	2146991	1291543	1308843	3072124	1297630	1301171	1920796	1304530	1388216	1308076	1293359	1291561	3626372	1299288	6557005	1919245	3041806	2043546	6730004	1759386	3742360	1937946	1295229	3233635	1307315	2046839	3005875	1820145	3279107	1292704	7054120	1291869	4888039	1981242	6395245	3442220	1474185	2214199	1293088	1308858	1782004	1298898	1307326	1299398	1793491	1307847	1296436	1291552	3319755	1291578	3016187	2129039	1291841	1294638	2361823	1337286	1304102	1428578	1307739	1468155	1292434	1301726	1292212	3078609	1305224	1437342	1296996	1307694	1302425	1307696	1306471	1291990	2085721	5964718	1756073	1451430	1417946	1299243	1303203	3920977	1307914	1300395	1883755	1291832	2131459	1293530	3205624	1299661	1291875	1293318	2369845	2230888	1828115	1459368	1298744	3075287	1291549	1292234	1291838	2346881	1419297	1309201	1305466	1303010	3541415	1498818	1291850	1304485	1849031	6534248	2055017	1292849	1308776	1291577	1291544	1292213	1291583	1863766	1303173	1305164	1418019	1417598	3179706	1292063	2003389	1300275	1920805	1806555	6786002	1292401	1292262	1945549	4305436	1292484	1794171	1291560	1304141	1470600	1293839	3990470	1292052	1428576	1484091	1294766	4804079	1299603	4226741	3338821	3077791	1291581	1291842	4845728	1394819	1291575	1652587	1304397	1760027	1293203	1291828	1783772	1305690	1297131	1308741	1438652	1305355	3073124	5960606	1293544	1292728	1431718	1907464	3007773	3190880	1867408	1292275	3011091	1294194	1291877	1295253	1316505	1428175	6097775	1929463	6037429	1325958	1293351	1297689	1301753	1292523	1291546	3111355	3274505	1298070	3148748	2156663	1293350	1298624	1297223	1498831	4202302	1477448	2124703	5450891	1292267	1292348	1292233	1295038	1306029	1301106	1876781	1291562	1292286	1298586	1433577	3626416	1412579	1998799	1756584	1293172	4914468	2209573	3443389	1302476	3560787	1309060	1292225	1305487	1293702	1297763	1878360	1300741	1858711	1499148	4023638	3157605	1300069	1308767	1291582	3068206	1293426	1304972	2277018	3287562	1292268	1291573	2156528	5322596	1304826	1291856	1291550	3734350	1304585	3793023	1292056	1315574	3335371	3072086	1297052	1291851	1578507	1291858	1872133	1300300	1292281	1329962	2213597	1292722	1900841	2138382	1329936	1783457	1972729	1292215	1298525	2326676	1293555	1438760	1298128	1292224	1482072	2998270	1293135	2357162
1000159	1307847	1337286	1292720	1820156	4249355	1291824	1292052	1418752	2223596	2297275	1304972	1437342	3011102	1949312	1301753	3011049	5422105	1292275	3541415	1295280	4914468	1293088	3279080	1292326	1300741	2132495	2129039	1806555	2028645	1432146	3041269	1305487	3742360	1307914	1298038	1291843	1793903	1292523	4826330	6890730	2969282	2146991	1945336	1947549	1652587	3742937	1292659	1585236	1306612	3190880	2357162	1428878	1293764	3075287	4271894	1302467	2257732	1297544	1292728	1294639	1308767	2303163	1293825	2153526	2054026	1292214	2131459	2334904	2044089	3793023	1301445	3808604	1299769	1291870	3007773	1900841	2277018	3077791	1295124	1308779	1292213	1293203	1297630	1867345	1304141	1305164	1945330	6869395	1291581	3011051	1291586	1298128	1292722	2275370	3104794	1792928	1851857	2132932	1764796	6040982
1000176	1293530	2300586	1419936	1301459	1302425	1890784	1291843	1866479	1300656	1307739	1293173	1308777	1304102	1291560	1794171	1308747	1293537	1300498	1292331	1291586	1305224	1927686	1417946	1428878	1291550	4914468	1308741	1291858	1293531	1309163	1302827	1292224	1302467	1301509	1293135	3148748	1293964	1291582	1306505	1292220	1292213	1296909	1474180	1293013	1294007	4826330	1294990	10574622	1401524	2334904	3075287	1292328	1783457	1291555	1298586	1307014	1297544	1291832	2275370	1300618	2326676	1306123	1853176	1369747	1306612	1305355	1297223	1295644	1457217	1308767	1291870	1293351	1292063	3731581	1297747	1401533	6846495	1431718	2346881	1291581	1291561	1301168	1304022	1961963	1292064	1303173	1295399	1292281	1291558	1410556	1316510	1853621	1299680	1872133	1652587	1295229	1393859	3338821	1306951	1309043	1300069	1294638	1291583	1292348	1293544	1305690	1292287	1760622	1437342	1297570	1291879	6890730	1299362	1291562	1862151	1867408	3541415	1297630	1292722	1401535	3279080	1418189	1295242	2129132	1305466	3068206	1292343	1292523	1292849	1294963	2146991	3007773	1291578	1329936	2043546	1301753	2131459	1291844	3001077	10606004	1308570	1297863	1291853
1000186	3227410	2213597	4164444	1291552	3319755	4876722	1292063	1309046	6558062	1308767	3279080	1308974	5344178	1885124	3072124	1291842	3731581	4271894	2124586	3041749	1293825	1393859	1794171	3073124	1451911	1291824	3011093	3793023	1291545	2124703	2268359	2053515	1291843	1292348	1308843	3649049	1866264	1937502	1858802	1482072	2997134	1866471	3541415	3412882	10574622	1950148	6386345	1767042	1299131	1890157	1316510	1432146	1291584	1315574	1292401	1792928	3041269	10606004	1292271	1291572	1304485	3011235	1907464	3263820	4845728	1410556	3986493	1820156	1293124	3041806	6040982	1947144	4826330	3771562	1308747	1937401	2033822	3338821	1294240	2129039	3734112	3530403	1296753	1966182	1949812	1837856	2144242	1844413	1325958	1300267	1301106	3178770	1301578	1291550	1433360	1308575	1857099	1292402	1829230	2998270	1433330	2124724	3443389	1433577	1294950	1937946	1972729	3338851	1981242	1418200	1863955	1291990	3003137	1299327	1292274	1305541	1401535	1298586	1291859	2051007	1291841	1441238	1304447	1806555	1309163	1308817	1438760	1866479	3233761	1585146	1394819	1298128	1292208	3104794	1307527	1293088	1292223	3215640	1440703	4009651	1292212	3321409	2996640	1292343	1947089	1308848	1295229	1292226	4215790	1292286	1302987	1305164	1395471	1295045	10574468	1783772	2326676	1291560	1900841	4807924	1309069	3395373	3920977	1498831	2028669	1388216	1471507	1295644	1304022	1293203	4319218	1457217	1303815	3148748	1307914	3626416	1300656	1309027	1418192	1304141	1292211	6549903	1291585	1994876	1292722	1961963	3016187	1292052	3075287	2146991	1291558	1302467	2054933	2209573	2132932	4190211	1294639	1292849	6860160	1293555	1301171	1905462	1309201	1419936	1295686	1578507	1291580	3005875	4739952	4286017	3072086	1929463	3158990	1292234	1304585	3231742	1920796	1853176	2368641	2044089	1292528	1945549	3578925	4305436	2037796	2148257	1292287	1652587	4226741	1291571	1292055	3233635	1301174	1945336	1292000	1292215	1291877	1927686	1939414	1297102	2131459	1849031	1307694	1308777	3291930	1851857	1292048	2010975	1293839
1000194	1292286	1293531	1950148	1292328	1293145	1294639	1293555	1308777	1298038	1304056	1428577	1292063	1470600	1308599	1291992	1309015	1291870	1907464	1309060	1305164	1308558	1292224	1308741	1293172	1304073	1303394	1291560	1300911	1293708	3734350	1293399	1292211	1291581	1308820	1303021	1294022	1862151	1291583	1291546	1292049	1937401	3742360	1292047	1301106	1292553	1291585	1301753	1292064	1293825	1292849	1292720	1292234	1295644	1291847	1292217	1291838	1369747	1308747	1302425	1303815	1292271	1418834	1291549	1298624	1293088	1297359	1291840	1294950	1292212	1898223	1291858	1291565	1298128	1297052	1291561	3321409	1766086	1297630	3072124	1305903	1306471	1293203	1900841	1303590	1296736	1292222	1292656	1300395	1294408	1291550	1438652	1308807	1292281	1293318	4059245	1291588	1303907	1303173	1291548	1303246	1291828	1292048	1292365	1929463	1438760	1307315	1291545	1291853
1000203	4896304	1466394	3070657	2129132	2277018	1994876	1293839	1305724	1470600	1292720	3642835	1295644	1305541	3102668	4888039	1295124	1783457	1304826	1919245	3005875	1292728	1585236	6146955	3610047	3041806	2998253	3792799	3742937	1465037	1437342	1291548	2159331	3068206	1309101	5318669	3231742	2132932	1294638	1301753	1949312	1467044	6522269	1329950	1294408	2270390	1292274	1307811	2156528	1292215	3596502	3291930	1295250	4237879	2043546	2129039	1428878	2146991	1477894	1421823	1759386	1419297	1851857	1291586	1309201	1858711	3550132	1907464	10574622	1765009	2341473	1408117	1997685	1292370	1292267	1292281	4023638	1292052	1292659	6534248	1946882	2357162	2149806	1436900	1300945	1298128	1291549	2055017	1291577	3314870	3011235	1294950	1419936	3771562	2976123	1308767	1474180	1291560	1417946	1292056	1457217	1301345	1298624	3543690	5977835	2138382	1300267	1764730	6129693	1292063	3274505	2044102	2998270	1308843	1291578
1000205	1292056	1291832	1689787	1292219	1297052	1295644	1292281	1291990	1421809	1298624	1293414	1293839	1309015	1308807	1292371	1299288	1396313	1872133	1293377	1763134	1300960	1308858	1301106	1306471	1433360	1294408	1308817	1295409	1760622	1306526	1421823	1292049	1297359	1291999	1292720	1292220	1307793	1291558	1296753	1305164	1292275	1303394	1301912	1292434	1466394	1291561	1307394	1291877	1291870	1296339	1295740	1291853	1301890	1292370	1292328	1293964	1307811	1787291	1292048	1292211	1291583	1291560	1303021	1302476	1294194	1292528	1470921	1293708	1293359	1291847	1300056	1316580	1292329	1291585	1308311	1292215	1304970	1291828	1291588	1304530	1308575	1292218	1291841
1000218	1291853	3077791	3610047	1292062	1499148	2277018	1844413	1905462	1767042	4709904	5422105	1307323	1291832	6786002	3230459	1853621	1296384	1418200	2028677	1307528	1316510	3262939	1299131	3642835	2257732	3530403	3274505	2997134	1292326	1432146	1291552	1292234	1820156	1309046	3148748	4226741	4843637	1793912	4133988	3075287	1292849	3928370	3233635	1292720	2010975	5360889	1292223	1309160	5308265	3212120	1867345	1766086	1872133	1292001	2209573	1947089	1851857	6558062	3227410	2028585	1303246	2154096	3412882	2132495	1297689	1292287	1959877	2229427	1422952	1295038	1307542	1291847	2138838	1308575	2336785	6386345	1292329	3011235	3626416	1469441	6890730	1945330	1304102	1291544	1291828	1966464	4009651	1292267	2144242	1304447	1858802	1301445	3986493	3314870	6307447	3732780	4066206	2156528	2209368	4896263	3066739	1291843	6860160	3742360	1292434	3731581	2131654	1309055	1428878	1792928	4286017	3578981	2028666	1291545	2129039	2156945	1482072	1927686	1309201	3792848	5977835	6080775	2359431	2124703	4924142	3158990	1294240	2132120	1308767	2230888	1291841	6110546	1465829	6549903	3190880	1876781	4023638	2159331	3313801	4739952	1994876	3792816	1819388	1865561	4906427	1293323	1793491	2213597	3215640	2124724	1920796	1885124	3011051	1929463	1306029	7054120	3005875	3541415	2353023	1781126	3068206	1302467	3793023	3442220	1292343	2300586	3443389	3289086	1291869	1291571	3103678	4876722	4271894	3820191	1292656	1291822	1293544	2124586	2976123	3143676	1307847	1863955	3649049	2223596	3041806	2294568	2027938	1418752	3001077	3006772	3532614	4097023	4051753	3011091	3179706	3018123	1292371	1783457	5384548	2268359	1866479	1907464	1291572	2018131	3036997	1291549	2053515	1900841	2149806	1297630	3606971	6040982	3016187	1292281	10772258	1308799	2357162	1780330	1433330	2043546	3312344	3569911	3792799	2334904	4136036	3737102	1578507	3205624	1292000	1300960	4133814
1000223	1293530	1950148	1301169	1482072	1457217	1292371	1972729	1858711	1419297	1295038	3215640	1302827	3742360	1291824	4202302	2146991	2326676	1292286	1820156	1291843	2132932	1498831	1304972	1292402	1300616	1907464	1305065	3168089	2297275	2131459	2132495	1945336	3737102	5450891	1876781	1305903	2300586	1418190	1465829	3313801	2156945	1292849	2275370	3626416	1307542	3777800	2976123	1295124	2334904	2223596	3233635	3442220	4133814	1652587	1309046	1296996	1298624	2174535	2124724	3824672	1937946	1309027	1780330	1851857	1760622	1292272	1401535	3148748	3006772	3793023	3041269	1309069	3550132	2297265	7054120	1298653	2053515	2161696	1782004	3011093	1790577	1301171	1853176	1291561	1793491	1309055	3007773	3005875	2268359	3011235	1292401	1292553	3066739	1418834	2027938	2138382	3250377	1419936	3578981	1300741	1297747	3412882	3148027	3908423	1300275	1292484	4305436	1292052	1794171	3073124	2078864	3011091	1300618	1393859	3649049	1819388	1291577	1433360	3041806	1459368	3008247	1292326	1292528	1438652	2230888	1297359	1291580	3263820	3230459	2368641	1292063	1862151	2138507	3072124	1291584	1905462	3792799	3274505	1410556	1292722	1292215	1291544
1000226	3552028	2969282	6549903	4051753	6534248	1302425	1291999	4133988	3771562	1309163	2209573	1891179	3233761	1291832	1308804	1767042	1905462	1418200	1291824	2213591	4305436	1292659	1292220	6386345	1306029	1485260	1291549	2010972	3578981	2334904	3041806	3233635	1401535	1469441	1295644	1309004	3737102	4190211	1851857	3217165	3569911	6890730	1291552	2138838	6799191	3821067	1783772	1438652	2028666	1760622	1981242	1652587	1300299	1766086	2129039	1291828	1885124	3023164	3073158	1950148	1292722	2354729	2124586	2131654	1945336	1432146	1296339	1292328	1796939	1866475	3312344	3808604	1794171	4896263	3011091	4164444	2082013	2146991	3314870	3006772	1946882	2010975	6037429	1301912	4133814	2149806	3442220	1292286	1920796	1301345	1292000	1291580	1499148	1291571	1972698	2209368	1292213	1781126	3068206	1292223	1294240	1292215	4059245	4807924	2028645	4718369	3993559	1477448	3541415	1858711	1301726	4268598	2053515	3824672	3005875	3230459	2213597	1291572	1857099	1291835	6011805	1900841	1482072	1291858	1295124	1304447	2310983	1780330	6973376	1607471	1293530	3158990	5308265	3077668	2131459	1291841	1972729	1819388	1428175	3016187	3550132	1907464	1793903	3078609	3734112	1291847	1292214	5422105	1945549	3291930	4215790
1000227	1298112	1306951	1304826	1783457	3737102	1292328	3754946	1947089	3541415	1432146	1294833	1307739	1482911	1315574	1927686	1863947	1292343	1419936	1291552	1305355	1907464	1309136	1418019	1998799	2976123	1308848	1291580	1293530	1308741	1867408	1419297	2138507	2085721	1781636	1291843	3626416	1297747	1437342	1291550	2138382	2153527	3792816	1300618	1862151	1291584	1292213	1292720	1790577	1307914	1418192	1292287	1945336	1299398	1466394	1890784	1859036	1309199	1309045	1949812	1436870	1760104	1308857	1305690	1291561	1306809	1428576	3077791	1466007	1306160	1306249	1316505	1301746	1292223	1293013	1794171	1308776	1300300	1418190	1291543	3205624	5344178	1303173	1866475	1308804	1292659	1300069	1418189	1301753	2043546	1298070	1431718	1303394	4066125	1870436	1293544	1308799	1828115	1295229	1292722	1291858	1433360	1294639	1301168	1292790	1307956	1883755	1308779	1293351	1302425	2052978	1578507	1300498	1302090	1455979	1851857	1294766	3041294	1820156	1292329	1308833	1945330	1308843	1293323	1309220	1309027	3412830
1000232	1293764	1301948	1291561	1301171	1937401	1291822	1438652	3011235	1292063	1291832	1325958	1305487	1470600	1306249	1820145	1293544	1299398	1291550	1309046	1306612	1298070	1292052	1849031	1304854	1308974	4822848	3920977	1292348	1792928	1867408	1851857	1291853	1296753	2334904	3179706	1293702	1295409	7054120	3075287	2213597	3610047	1308831	1292484	1862151	3626372	1302425	1291573	1607471	1301890	1388216	1300374	1297689	1295038	1291581	2131459	1308843	1296339	3882715	1309201	1783772	1296436	3041269	2369549	1291574	1305666	1295045	1307847	1297018	1309060	3041806	1295965	1793491	1292402	2051007	3541415	1292271	1303246	2161696	1292528	1291859	1306526	1401524	1293555	1291577	1293460	1298909	1766086	2336785	11502153	3227410	1777612	1293839	1793912	1307793	1292274	1291562	1309172	1857099	3792848	1820156	1780330	1293145	1309160	1369747	1301345	1292224	1301578	1885124	1304102	4271894	1291586	1297747	1466394	1294950	1291548	1291999	1291552	1309027	1292215	4896263	1300616	1304073	1790577	1482072	2146991	1297630	1293315	1291584	1303394	1294240	3006772	1307106	1293135	1393859	2129039	2054933	2156528	1394819	3068206	1959877	1292973	1428175	1307956	1308570	6522269	1300300	1291870	1308755	1306123	4920528	1307739	1291835	3072124	1291875	1891179	1301169	1295253	1291578	1297574	2124586	1858711	4059245	1292234	1295229	1292287	4136036	1298038	2044089	5360889	1308820	1292275	3148748	1316580	1295250	1309163	2046839	1292055	1829654	1293530	1309021	1835843	1291856	1292272	1292226	1865561	1299243	3250377	1292212	3731581	1760027	1937946	1303173	1484091	1292329	1292523	1418190	1307014	1428878	1304970	1441238	1296909	2209573	3077791	1477448	1291869	1937502	1291833	1760622	1291579	3005875	1302467	1756584	1298898	1401533	1294136	1294639	1498831	1300945	1787291	3073124	2357162	1293537	1866264	2124724	2300586	1291844	1297544	1308858	1299603	3233635	2132495	1292270	1309016	1291858	2027938	3023164	1304141	1292220	1946882	1291583	1299769	1947089	1292371	1293182	1947549	1304447	1828115	1298128	1304022	1292219	2363876	1308575	1297192	1418192	3274505	1292401	4206357	1292262	1292001	1759386	1301617	1308779	1309052	1451911	4023638	1291545	1291575	1292722	1292218	1291842	1291990	3215640	1298653	3649049	1292718	1292728	1307394	6730004	1907464	1961963	1945549	1309069	3652302	1467044	3111355	1296996	1421823	1309199	1292553	1981242	1306505	2336737	1296253	1292225	1291843	1309043	1994876	3072086	1296384	1292233	1950148	1293350	1295399	3338821	1300303	1291879	1295124	3626416	1783457	1578507	1308599	1872133	1294408	1292214	1309101	1301753	6558062	1292659	6041191	1848925	3569911	3026357	1302987	1305903	1295644	1292229	1291549	1291571	2028677	1307542	1440703	1293399	1292222	1305224	1297570	1298586	1299080	1329950	1291572	1291828	1292223	1295865	1308751	6307447	1295686	1291841	1297995	1292268	1295280	1291992	1499148	1947144	1298525	1296078	1794171	1292450	1292720	1301726	1292056	3742360	1474185	1294766	1316505	1905462	1309220	1300741	1900841	3642835	1433577	3592853	1485260	1309136	3734350	5977835	1499008	1457217	1291824	1301746	2124703	1308833	1844413	2053515	2132932	1300069	1302090	1293359	1292000
1000233	1793491	1428878	1304056	4848115	5308265	3649049	1499148	10574468	3011091	1959877	1997685	4914468	6860160	2161696	3732780	2132495	1783772	1305224	4718369	3742360	2159331	3792799	3395373	2997052	4896304	1291586	1337286	3821067	1469441	3792848	3227410	4843637	3205624	1485260	1292720	1765009	4922787	4319218	3148027	2124724	2209573	1293124	4822848	4724739	1652587	6307447	1972729	1291549	4920528	3443389	1295644	1878360	5318669	4202302	10574622	2131459	1293839	6786002	5977835	2974278	1325958	3813779	6846495	2156528	4305436	3319755	6799191	3230462	4873490	4206436	1291546	5422105	6146955	2149806	1844413	3412830	1866479	3072124	2132120	3541415	4739952	2154096	3077668	4876722	4066125	4913200	4145476	1432146	1292718	1419936	3111355	1907966	3036464	2028645	3991933	3777800	10772258	1295865	1307811	3060542
1000238	6307447	3592853	2300586	4873490	2129132	3530403	3546019	4920528	3443389	5318669	4249355	1293350	1291870	1292223	2999913	2303163	2275370	1292064	2153526	3178770	4133988	3569911	1293359	2131459	5360889	3737102	1292063	3041269	10574622	3072124	2028669	4917726	1300374	10772258	2998253	1292434	4822848	5450891	3011091	2998270	4896304	3279107	3205624	1291858	3395373	1863766	1305487	3041294	6799191	1295644	2353023	3552028	3908423	2997134	3157605	3793023	3578981	2003389	1305903	1291843	1293182	3104794	2363876	5502697	1292720	6549903	3148748	3077791	1966182	1292450	1428175	3649049	1929463	3412830	3068206	1291818	4202302	1309046	1828115	3023164	1806555	1300868	1292000	4268598	5344178	3742360	1835843	6011806	1292274	3642835	3569943	3550132	3274505	4286017	3606971	1418752	1305724	1298898	1299131	1972729	1305224	2277018	3626416	1297359	1292348	3011235	1292052	1866479	1291577	3143676	1292656	4226741	1585236	3813779	2369845	1294639	1907966	6730004	1945330	1304970	4237879	1300616	4924142	3233635	1307956	6534248	1301171	3771562	4212172	4876722	3231742	1947549	3731581	1978709	11502153	1297192	6019180	1291828	1291579	4707230	1300300	2028677	3001077	2334904	4023638	3808604	4848115	1498818	3742937	3217165	1308858	1291560	2053515	1292365	4133814	2209368	1369747	1304022	2147854	1819388	1294240	1300960	3179706	3005875	1299327	1292224	1295250	6080775	3279080	2044102	1308807	1298624	5422105	1759386	3168089	5308265	3264045
1000252	1307694	1300220	1292233	1300055	1308575	1295399	1292225	1294638	1299193	1295124	1291545	1308858	1418200	1302827	1292001	1298624	1433577	1291818	1308974	1920805	1307394	1291853
1000255	7054120	1474185	3737102	1303037	6549903	2213597	1419297	3217165	1900841	4206357	1296872	2028677	1292063	1293530	1787291	1848925	6019180	6786002	1300299	4249355	5308265	2278781	1293350	3068206	3143676	5977835	1291546	1794171	3813779	2363876	1293182	1308865	2028669	4206436	1305903	2357162	1467044	3011235	1292365	2129039	1966182	3006783	10606004	1304102	3041269	3642835	1292208	3649049	1306029	2043546	1307696	6860160	4922787	1291858	1292287	1578507	1295399	1292222	4218768	3231742	1304447	6558062	1929463	4896304	3011051	3212120	5502697	3217169	6307447	4051753	1292214	1291580	3442220	3075287	1308820	1299327	3016187	3836100	1292223	2365260	1937946	5989818	1291879	1857099	1292286	1307394	2144242	2334904	1780330	5964718	4164444	1292523	1299398	4873490	3036473	1292213	3158990	4924142	3233635	3908423	1309060	4920528	5422105	3920977	1308804	1292052	4942776	6040982	3993559	3275168	4023638	3001077	2149806	1301746	2000675	2028585	3168089	3626372	4807924	1291561	3793023	1308767	4237879	1972729	2028645	1291573	1292220	3274505
1000269	1652587	2209368	1760622	4066206	1309020	5908477	1793912	1291583	1293555	4225584	1863955	3291930	1291990	1325958	1947089	1298070	4906427	1905462	2080133	1766086	4051753	3820191	1299327	2213591	5977835	6386345	3792799	4896263	1291555	2044089	3578981	3532614	1292001	1898223	1947144	2138507	3742360	1295045	4226741	1455979	1914831	1301890	2268359	2161696	3312344	3734112	10574622	1945336	3072124	1292326	4873490	1291560	1485260	2300586	1859036	2131459	1851857	3240208	3550132	1858802	6799191	1949812	1432146	3264045	2976123	2144242	1309136	2124724	1291558	1945549	1315570	1920805	1949811	4271894	3212120	4133988	1298624	3190880	1920796	4707230	2055017	5344178	1293825	2037012	1298112	3041806	1292722	1498831	1585146	4062922	1820145	2147854	1292274	1292289	1857099	3227410	2028647	1499148	2082013	1303010	2209573	3279107	1291571	1298128	3626416	3610047	1308974	2230888	4920528	2369549	1418192	3262939	3754946	1291832	2336737	3543690	1792928	1299362	1820156	4133814	1607471	1937502	1315574	2146991	4305436	1418605	1783457	3777800	2998270	3250377	1793909	5450891	1790577	1794171	4237879	1927369	4896304	1793491	1891179	1781126	1760104	1959877	3005875	1309043
1000270	1305164	1298038	1417946	4059245	3990470	3742360	1305065	1291999	2129039	6129693	1294408	1293825	1297478	3314870	1296339	3072086	1981242	1937401	1292220	1310174	1297747	1477894	1308753	3649049	4913200	1306123	1890157	3005875	1301168	1293351	1291870	1835843	1337286	1292401	1866264	1292052	2044089	1422952	1476023	3103678	1291990	1862151	1299398	3077668	3190880	3250377	1299193	1294950	1291851	1309004	2294568	1299080	1293350	1295965	4237879	1485260	3041806	1291836	3291930	3230462	1292286	1291543	3319755	1433330	1301174	1302425	1293818	2996640	2277018	1907464	1794435	1920805	4896295	1764730	3882715	1308819	3011102	2037796	1783457	1291842
1000276	1428577	2043546	1307315	1309020	1316572	1466394	2209573	1947089	1787291	1291578	1294639	1437342	1829654	1890157	2147129	1308747	2146991	1401533	2124703	1292553	1465037	2085721	1296436	1305265	1295644	1465829	1777612	1937946	2131459	1292052	1393859	1291560	1418192	3291930	1337286	1307811	1947549	1291584	1309021	1310174	2028647	1291545	1291838	1298070	1297544	3073124	3006772	1860377	3003137	1782004	1793491	1482072	1294833	2132495	1291571	1305903	1468155	1292286	1291582	3335371	1307914	1302425	1807959	3075287	1308833	2053515	1907464	2124724	1308741	1308820	1306123	1293531	2129039	1418070	1301753	1291585	1302467	1300656	2297275	3734350	3250377	1292001	2135981	1867408	1292213	1419297	1859036	1293555	1431718	1865703	1418019	1291843	1292220	1870436	1945549	1293839	1304102	1305690	2326676	1929463	1291875	1418605	1298898	1291561	3313801	1499008	1299398	1291543	1858802	1304141	1794171	1292343	1292444	1431699	1428578	1307106	1292326	1297052	1578507	1455979	1297689	1459368	1294007	1292064	1457217	3734112	3227410	1295686	1828115	1291832	1298128	1291999	1927686	1309004	1292720	1291580	1291550	1303394	1292722	3541415	1297359	1431947	1291581	1652587
1000280	2129039	1482072	1293088	1291545	1291550	3068206	2334904	1291847	1794171	1295280	1304447	1296436	3395373	1316572	1578507	2156945	5964718	1292226	10574622	4206357	1292343	1292052	1291869	1292523	3077791	3007773	1291546	4848115	1291575	1291999	3041264	7054120	1394819	1652587	1777612	1298744	2363876	1388216	1972729	3036473	1292223	1291832	2132495	11502153	1419297	3771562	1291548	2300586	2055017	3279080	1297747	1297689	3592853	3274505	1291835	1308741	3075287	1299398	4845728	3742360	1304022	3642835	1783772	3006772	1292234	2124703	4226741	3569911	1295644	1305690	1292055	1303021	2028645	1292215	1308807	1418070	1961963	3541415	3073124	3041269	1467044	2131459	3530403	1865703	2998270	1306029	1293702	3596502	4924142	1780330	1858711	1308755	1766086	2043546	1927369	2209573	3654340	4826330	1291828	1292720	3041806	1872133	1891179	1293172	1978709	1291822	3205624	4051753	1292213	1862151	1294963	2146991	1293544	2138507	1291858	3442220	1292000	1485260	1929463	3179706	1291549	1293555	2230888	1945549	1307323	5308265	4920528	1309069	1292275	1866479	1291853	3263820	1291543	3908423	1298128	4876722	1301445	1292001
1000303	1301445	1309060	1907966	1291577	1304970	1418192	3626416	1301753	1890784	1937946	4206436	1428878	2124703	1851906	1966182	3077791	1303815	1291879	1291550	1422920	1292262	1291552	1820156	1295965	1297052	1302090	3190880	3541415	3530403	1309220	1300498	1293530	1432146	1927686	6558062	1294638	1307914	1292528	1296996	1300303	1433330	1907464	3075287	1295124	1293182	1292679	1292001	6307447	1929463	1291822	1305265	1806555	1792928	1307394	1307323	1307014	2027938	1431947	2132932	1438652	1291578	2156528	1431718	1303037	3731581	1296753	1297359	1291841	1297018	3006783	1292328	1299680	3215640	1292268	1470600	3148748	1297863	3072124	1292226	4913200	1291843	1820145	1865703	1315574	1304141	1793491	1308755	1305355	1291561	1291572	1291557	3003137	1418070	1291838	3569911	1295399	1292056	1299603	1578507	2277018	1857099	1764796	1293351	1292370	3068206	1294408	1308741	3006772	1419936	3592853	3734112	1293318	1309069	3642835	1293537	1293594	1297518	1292052	1295280	1295686	1291543	3990470	1308858	1298744	1388216	1293544	1947089	1293839	3395373	6534248	1292275	2131459	1293350	1292720	3338821	1292267	1298070	1292233	1292213	3908423	1308570	1292286	1859036	1309027	1292260	2209573	1291583	2046839	3771562	3233635	1794171	1291560	1291555	1292223	1308777	1292208	1302467	1292224	3001077	1767042	1301171	2028645	2326676	1972698	1292217	3734350	1292000	6549903	1291586	1307527	7054120	1292215	1304447	1308848	1329950	1294639	1308747	1292064	1291585	1309046	1302476	1428175
1000307	1294136	1388216	1890157	1482911	6386345	2353023	1291856	2046839	4739952	1437342	1419053	2268359	1820156	1308817	3793023	3731581	1309043	1316510	2996640	1498831	1304485	2357162	1905462	1304447	1292679	1759386	1915403	1783772	1291847	1498818	1937401	1292217	2365260	1907966	6097775	3104794	1299288	2223596	6786002	1835843	1291588	5960606	4848115	1468155	1292289	3041294	2275370	4062922	1937946	1298128	1292215	3072124	1768351	1421809	1309160	1485260	2346881	3321409	1309046	1484091	3821067	1298744	1959877	1945336	4305436	3011093	1292212	3073124	1851906	1308843	2132316	3077791	1308799	1291835	3190880	1433577	2336785	4709904	4843637	1499148	1929463	3008247	1292528	2999913	1305903	2368641	1300730	1293555	1308974	2138838	1292055	3006772
1000309	1878360	1794171	1302425	4268598	3412830	3543690	1292213	1315316	1781636	1301578	1297518	2129039	1291544	1807959	1292215	1305164	2131459	1306123	4724739	2078864	1299398	1428578	1304073	3104794	1937502	1309004	1291818	1428175	1296996	1308858	1291843	1465037	1308587	1291582	1652587	3793023	1294766	2085721	1300267	1291575	1292052	1292212	2044102	1293825	1304826	3313801	3264045	1300656	1297863	1305279	1304530	1302467	3003830	1997685	1305265	1499008	1820156	1291579	2294568	1792928	1787291	1296436	2336785	1293530	3011225	3041806	1301168	1303203	2149806	1293315	1477448	1883755	1300498	1294639	1291856	1299769	1431947	1947089	3314870	3541415	1867408	1291546	1292973	1828115	1419297	4271894	1764730	1304970	1291841	1302090	1296778	1308747	1890784	1292001	1863955	1298644	3609075	1308655	1329950	1297291	1951318	1395471	1292328	1308804	1291875	1301171	1297359	1297995	1418019	2270390	1428576	3742360	1578507	1766086	2153527	1292401	1291578	1308751	1858711	1297447	1860377	1291552	1309060	1907464	1482072	1417946	1304854	3813779	2147129	1291561	1295242	1300064	1920805	1782142	4709904	1293350	1307332	2051007	2138507	1299288	2369845	1438652	1863947	1292722	1915403	1292287	1428577	1297630	1295409	1859036	1585146	1303590	1291586	1307014	2996623	1293537	1876781	1293167	1292331	1470600	1298070	1297223	1329562	3820191	1760027	1295229	1316510	1304585	1978369	1292289	3731581	2156663	1306505	1291554	1819388	1293088	4133988	1927686	1431718	1306249	1307694	1291844	1292000	1294417	3754946	4873490	1418070	1292720	1291557	1295644	1337286	2969282	1291999	1418200	3041269	1292849	1308767	3103678	1455979	1292450	1307739	1436900	1292679	1292370	2257732	1451430	3005875	1292528	3041264	1817169	4896263	1465829	1307914	2135981	1307315	1297574	1306029	1760622	1961963	3335371	1945336	1294408	1949312	1307696
1000311	1291818	1292049	1306317	1293351	1296778	1298624	1862151	1299288	1291554	1292000	1828115	3742360	1292055	1309084	1291828	1292329	2037012	1291555	1293825	1292271	1291545	4151110	1951318	1291859	1295965	1296996	1291548	3792848	1304585	1291832	1309052	2082013	1947144	1421823	1422952	1451430	1292402	1297574	1292219	1291582	1305164	1305690	1292233	1293377	1292401	1293839	3205624	1292211	1652587	1295399	1302476	1291577	1291571	1292062	1309043	1304826	1292679	1292217	1291549	1307793	1293167	1294833	3626416	1295124	1296339	2132495	1291559	1866264	1297447	1303037	3793023	1294194	1291581	1303173	1291877	1295865	1292730	1291557	1300056	1292289	1291835	1292234	1291562	1304641	1295038	1303590	1297747	1777612	2018131	1291579	1299661	1482072	1291868	1291853	1438760	1292328	1997685	2053515	1291847	2365260	1298898	1292215	1498818	1310174	1301174	1308575	2277018	1292064	2078864	1294963	4271894	1292528	1292222	1329936	1291552	1292212	1292052	1451911	1308807	1293964	1308833	1293708	1291851	1308804	2131459	1309060	2147129	1296909	1292275	1300220	1309059	1291560	1393859	1292722	1292274	2270390	1292281	1294007	1308820	1760622	1920805	1308747	1316510	1291586	1300267	1291561	1295409	1295644	1303394	1291558	1307332	1308974	1418200	1433577	1296753	1296436	3734112	1299362	1292225	1292287	1305065	1876781	1293399	1304624
1000321	3103678	3771562	1291560	1292271	1292328	1498818	1297630	1293414	1293818	1292229	1297574	1294639	1293088	1293544	1291585	1292528	1292215	1303394	1292233	1292217	1291999	3036997	1301445	1292402	3395373	1291868	1291562	1466007	1292287	1914831	1291546	1308239	1302476	2297265	1292365	1299661	2326676	1298128	1292722	1862151	1292444	1291877	3737102	1300300	3006772	1301948	1418019	1307106	1293351	1308820	1291859	1418070	1291853	1291847	3230459	1309059	1292047	1482072	1316510	1783457	1308807	1292219	1303907	1307793	1292220	1298112	1291583	1307811	4873490	1292679	1292790	1292371	1305690	1306317	1293531	1865703	1291558	1421809	2027938	1291875	1292052
1000325	1297570	1308848	1307528	1300618	1293964	1862151	1295124	3808604	1300267	1291578	1418752	1437342	2156945	1781126	3771562	2354729	3742360	3626416	1308570	1972698	1851857	6080775	2028647	3279107	1294990	1433577	1306123	1301445	1302827	4190211	1309045	1482072	3642835	2131459	1950148	2294568	1304022	3569943	1419297	1316510	3001077	1309020	1474185	1297192	1292402	2154096	2353023	1308843	1305903	3205624	3016187	1301753	6534248	2028666	3103678	1438652	1291835	6307447	1294950	3338851	3560787	1293124	3546019	1295686	1401533	1329562	3412830	1291552	1422920	1292001	1295644	1820156	1293530	3011235	1498818	3578981	2303163	1792928	1296736	4237879	1292287	1304073	1315316	3734350	1878360	1297291	1844413	1305065	1291571	1585236	1756584	1309084	1418200	1292401	1294963	3068206	1297518	1900841	1946882	4718369	1315574	1298525	4051753	1306951	1866479	6522269	1291843	1298898	1853176	3274505	1291844	1301726	3882715	3412882	1292052	2997134	1890784	1297102	1307956	1291572	4896263	1293350	4924142	1306809	1293531	5450891	1459368	2132932	2138507	1297630	1292213	2997052	1298070	1304972	5344178	1291549	3233761	1309046	1297447	1300395	2053515	2223596	1301168	6037429	1291853	1292722	10574622	6846495	2297265	3530403	1291579	1292220	1418834	1291581	1433360	1291858	1291550	3008247	1300960	3230459	1418190	1819388	1306249	2363876	3041806	1794171	1291582	3813779	4896304	1298744	1883755	3215640	1302987	2010972	1304102	1307014	3314870	3313801	3006772	1302303	5308265	1298038	1780330	6973376	2174535	1764796	3011102	3233635	1485260	2037012	1905462	1300656	1297544	3066739	2357162	1304854	1309101	1760622	3541415	1294639	1306612	3734112	1793912	2146991	1299080	1866475	1945336	1296384	1300069	1866471	3793023	1307323	1417598	1309160	1401535	1947089	1304485	3011093	1308974	4822848	1300300	1308833	3041269	1292728	1291859	1296753	1782004	1291577	1329936	3111355	1292212	1292328	1297223	1994876	1300220	1302467	1308747	7054120	1307914	1292348	1297689	3005875	6890730	4023638	4151110	3652302	1292223	1293377	1858802	3319755	1783457	2209573	4097023	4226741	6041191	4133988	1308076	3018123	1308755	1308804	2149806	1436870	3338821	1299398	1876781	1306029	1300303	1300374	1418189	1482911	3158990	1308751	3986493	1292234	1498831	1292553	2153526	1793491	2080133	1298624	3011049	1292343	2268359	1301578	1947549	1303246	1299769	1309027	1867335	1419936	3007773	2213597	1292063	2129039	2998270	1907464	3250377	1309069	1291543	1652587	1891179	3395373	1293013	1972729	2052978	1307694	3610047	3231742	2072478	1303173	2044089	1441602	1293088	1292048	1308779	1307106	3550132	1470600	1292326	2138838	1292659	1432146	1292286	1293544	1301746	1305466	5422105	1296339	3443389	2028645	1295045	1294927	1301345	6799191	3227410	1419937	2010975	1299680	1294007	1578507	5908477
1000387	3075287	1292064	1292286	1292222	1292343	1292720	1308865	3003137	1295280	1291838	1295644	1972698	1297359	3190880	1760104	2156528	1474185	1851906	1308807	1292370	3007773	1308817	1294639	1412579	1919245	3072086	1835843	1292553	2124703	1292055	1292224	1849031	1309027	1308843	1292528	1291560	1781126	1820156	1291573	1296753	3006772	1308804	1417946	1291579	2131459	1298624	1293013	1419936	2028647	1292275	1304056	1297018	1891179	2213591	1292212	1292220	1291832	2209573	2053515	1292062	1292000	1293964	1293839	1291561	1291577	1296736	1308848	1293350	1309020	1291870	1872133	1292659	1309021	1292001	1293203	1292223	1293318	1292722
1000395	1369747	1945336	2229427	1388175	3075287	2334904	2146991	1467044	3289086	1891179	5318669	2275370	2270390	1309201	3313801	3606971	3412882	1292287	1763134	1401524	1297447	6128003	1305724	1927369	1760622	1304447	6549903	1315570	2223596	1787291	1291990	1308857	2213591	1433577	2300586	3073124	3072124	2357162	2132495	2156528	1297689	4237879	1844413	1866264	1867345	1820145	2369845	2003389	2124703	3072086	1298525	3990470	1292270	3036997	2147854	1295250	2124724	1304624	1441238	1299131	1793912	1796939	6307447	6860160	3104794	3179706	2054933	2129039	1309060	3771562	1301345	1308817	1422920	1929463	2153526	3168086	4920528	1849031	1307527	2998253	3742360	3158990	4133988	3068206	1291548	2149806	1308767	2976123	2028669	3610047	1293145	1907966	1937946	1978369	3319755	10574622	5360889	2268359	1301617	3217165	3532614	3569911	4942776	3143676	1309160	2346881	1759386	1291833	2969282	1294240	3546019	4059245	1300299	2326676	1291843	3041749	1305903	1848925	2369549	1781126	3036473	1428878	3412830	1857099	1783457	3077791	1401533	1783772	1291851	3578925	3321409	4268598	3233761	4914468	4807924	1756073	1966182	3001077	2998270	1997685	4873490	1806555	2028645	2043546	1981242	1297291	1949312	1438652	1437342	3007773	1307394	1316580	1652587	4845728	4319218	1794171	1296384	1855834	4913200	1292214	1305666	1766086	5344178	3073158	3443389	2124586	1792928	2046839	2209573	3986493	2037012	1851857	1432146	4023638	3287562	2028677	1499148	4206436	3263820	4164444	1291546	4876722	1905462	3626372	3006772	3274505	2213597	2138838	1308777	1293315	3217169	2131459	3233635	1865703	1780330	3148748	2028666	2974278	1947089	6522269	3541415	2129132	3808604	1468155	1978709	1389978	6041191	1578507	3041806	5308265	1793491
1000405	1978709	1885124	1291990	2131459	6890730	1301459	4876722	1307414	3412882	1891179	1308820	2149806	3530403	1851857	1296384	3642835	3233761	2997052	3041806	1292208	3792799	2124703	6534248	1949312	3094909	1929463	4023638	4226741	3808604	2209368	1301948	1308833	1872133	1905462	2044089	1781126	3287562	1866475	3654340	2278781	1296339	1428175	3137463	1972729	1291858	1291856	2028666	1858711	1303907	3073124	1862151	1787291	1307332	1767042	1485260	4206357	3313801	2146991	2144242	2028669	1470600	3075287	1849031	1777612	2124586	2357162	1292219	1865703	3111355	1304447	3072124	2028645	2174535	3011308	1937946	1890784	3734112	1466007	1817169	1292214	2275370	1438652	4249355	2297265	2209573	1295686	1292217	1959877	3263820	1307394	2976123	1421823	3395373	3179706	1498818	1907966	3006772	1417598	3560787	4164444	3205624	1652587	1309046	1981242	3771562	2369845	1291548	1315570	1848925	1292371	6549903	1305903	1295399	1780330
1000410	1777612	1309016	6097775	2976123	1418070	1308857	3777800	1920796	1294950	1792928	4707230	1291875	6549903	3412830	1300616	1794171	1866471	1298624	3274505	1872133	1858711	2149806	3005875	1292215	3792848	4164444	4133988	1291853	1428175	1920805	6534248	3205624	1297574	3312344	3821067	1819388	3041749	1304141	1862151	6307447	1474185	3075287	2229427	1292223	1297192	1291588	1857099	4059245	1308858	1293013	1293145	1303590	2028669	1947549	1309046	1293839	3792816	1292720	2159331	1308777	3011091	1293088	2131459	1951318	1291549	4023638	1302987	1307811	1947089	2363876	2044102	1652587	1780330	1307023	3734112	3013580	3792799	1307847	4066206	4271894	6786002	2209573	1410556	1849031	3279080	4319218	1293167	1867345	3626416	3148748	1307106	2051007	1292553	3011235	1294408	3742360	3732780	1307694	1329562	3813779	1607471	1308843	2334814	3820191	1292849	4136036	3541415	1844413	3319755	1329950	1308807	1291550	3250377	3041264	1301912	1302425	4237879	2129039	1296736	4876722	3041806	3628370	4848115	4920528	2080133	1291548	1299661	1499008	1966464	6860160	3578981	1329936	1498818	1308779	1455979	2354729	5960606	1419936	1291843	3041269	1302476	1291822	1927369	1291545	4942776	1294007	1309021	3442220	1305724	1292528	2124724	3731581	2028677	3018123	1441602	3158990	2353023	3233761	2998270	1291561	1296339	1291543	5908477	1299398	1292484	3073124	1298070	1301726	1297223	1945336	1859036	4843637	1292287	1307914	1293818	1759386	1295644	5422105	4873490	1292063	1298653	2209368	1297518	1891179	1474180	3610047	2230888	2303163	1295124	1293555	3313801	1298038	3412882	1978709	4202302	1793491	1291583	1292064	1297863	1293537	4066125	1298744	1885124	1291828	1305164	1867408	3824672	1298898
1000437	1301174	1308741	1293708	1293350	1301948	1945549	1292262	1291842	3036997	1300960	1292328	1308777	1304485	1292047	1963373	1292528	1299193	1299288	1291549	1291990	2270390	3626416	1300267	3264045	1296339	4305436	2132495	1866264	3986493	1777612	1950148	1293399	1308817	1291853	1309163	3275168	1291548	1307793	1485260	1304585	1292001	3007773	1307323	1292220	4769314	2037012	1292211	3205624	2046839	3072086	1291835	4896263	1308974	6786002	1298038	1292402	3041269	1292370
1000489	3532614	1308599	1777612	1292215	1292287	1465829	1998799	3233635	1862151	1309027	2054933	2124724	1419297	1499008	2124586	1292208	3006772	1787277	1291832	1316510	1296339	1857099	1849031	3104794	3882715	1794171	1292219	3541415	1485260	1305164	3005875	3745292	3233761	4164444	1309020	1302987	1945336	2209573	1949312	1790577	2146991	1293350	2037012	1292272	1309046	1292055	1652587	1418019	2229427	1432146	1292849	1433577	2131459	2357162	1292528	3731581	1307323	1302090
1000499	3530403	1981242	1872133	1308833	1652587	2129132	2055017	3596502	4718369	1783457	3731581	2997052	1298898	5977835	1291822	3546019	2278021	1308843	1292450	2072478	2131459	1308575	1296253	3821067	3291930	2365260	5318669	1759386	3072086	3742360	1780330	2163434	6386345	2129039	2131654	1293182	3569911	2297265	2277018	1793912	3007773	2146991	1303815	4151110	3073124	2052978	1308858	3649049	1756073	1978709	1416896	3233761	2028677	3041749	3250377	3011049	1309046	3158990	4145476	2357162	1890784	1300741	3771562	6128003	5422105	1291835	1939414	4191644	3077791	2300586	1499148	3036997	1891179	6097775	1866479	1307014	2124703	2369549	3313801	3212120
1000503	1292704	6307447	1306249	1308570	1291585	1291579	1292328	1306441	1296736	2132932	2043546	1308779	1306951	1297447	1292553	1428878	1295242	4009651	1295229	1851857	3148748	1418192	1294833	1301753	1294766	1308843	1301445	1299398	1291571	3792848	1291543	1297518	4319218	1291843	1418190	1291572	2354729	2213597	1308807	1291586	1291552	1432146	1315574	5322596	1302425	1297359	1291574	1309199	3036473	1291578	2357162	2053515	3205624	2144242	2334904	2131459	1291561	1293351	1292214	2300586	3649049	1298644	1297223	1292052	1793912	1291583	1292213	1301726	1293531	1293167	1793491	1291575	1437342	2156528	1300618	1309043	2129039	1309021	1292722	1298070
1000518	1296736	1305164	1291818	1292401	1292055	1394819	1291999	1329562	1291543	1294194	1302090	1298653	1292064	1298038	1421809	1291858	1291574	1308974	1309052	1291579	1308819	1947549	1292329	1298128	1291992	1296339	1291548	1292272	1292052	1292528	1294639	1291875	1291575	1292260	1308575	1292063	1306123	1292720	1301948	1308076	1291990	1292267	1292062	1299288	1293818	1305690	1293544	1306029	1393859	1578507	1309004	1300741	1291559	1291581	1297574	1395471	1292271	1400265	1308820	1291856	1294007	1482072	1291577	1293531	1301169	1292365	1291550	1305487	1806555	1291557
1000534	3215640	1291843	3596502	2146991	6534248	3075287	1293350	3742360	1308843	1292213	4896304	3006772	4924142	1862151	2124703	2153527	3036473	1780330	6386345	1292052	1298644	1291560	4739952	3274505	1297192	1307023	2361823	1292223	4843637	1291546	1499008	3003137	4271894	1849031	2129132	1485260	1300069	1777612	3731581	3908423	3078609	4876722	3606971	1851857	1298070	1297630	1323749	4873490	2156663	3073158	3642835	6799191	3569943	6786002	3179706	1298898	1978709	1292281	2303163	6097775	1292679	3737102	3233635	1304102	1760622	1292220	4097023	1578507	1291561	1914831	3626416	1308858	1959877	1303037	1292234	1291543	4888039	4218768	4807924	6890730	1291549	1299398	1291999	3821067	1482072	1295124	3011235	1292344	2131654	1767042	2277018	1428578	5993185	2275370	2129039	5344178	1309069	3041264	3771562	1325958	2353023	1466007	4804079	1303010	6860160	4268598	10574622	1292000	2223596	1301753	1309046	1907966	2149806	1441238	1297763	1972729	1309060	3649049	1298744	1307394	1945330	4004731	3610047	3178770	1937946	1292656	3041294	1308767	1307739	1291828	1301168	3793023	4023638	1866471	4822848	4202302	4151110	3168089	1927686	1294417	2997134	3287562	3530403	3813779	1308741	1304447	1292287	4914468	1652587	1292704	4942776	3231742	3120852	3792816	1756073	2028669	3734112	4920528	1929463	3068206	1865703	2334904	3541415	1291858	3279107	3227410	3543690	1438652	1891179	1297447	1303394	1292728	3412830	4226741	1300616	3143676	3094909	4718369	5977835	2132495	5308265	1418834	4212172
1000566	1293399	1793491	2153526	1291822	1306249	4922787	1794171	1304585	1292679	3041749	1292365	2138507	1304854	1305164	1309027	1301445	1296736	4917726	1291850	1485260	1292659	1300656	1756073	1304056	3011235	2148257	1304826	1294833	3018123	1292720	3443389	3102668	1309043	1292218	1291582	1292343	1951318	1292728	1890784	1292656	1292286	4133988	3287562	1306612	1293377	2969282	1305065	3560787	1301753	1291577	2037796	6549903	1867408	1947089	2132495	1308575	1308741	2223596	2156528	1291552	1293544	1301912	2209573	1293145	1300069	5960606	1498818	3148748	3011049	4066206	1293182	1652587	1301617	1862151	1308751	1291999	2336737	1291879	1291543	4268598	3345329	1309016	1929463	3011091	1307528	1292260	1422952	1308753	1291583	1304073	3731581	1477448	1291851	1474185	1978709	1300960	1307694	1293350	1294240	3157605	3008247	2043546	1291877	1296339	1296753	1299362	1292718	1441602	3262939	4896263	1418834	1307542	1309172	1309163	1329562	1297223	2129039	1828115	6386345	1308804	1291869	1291560	1308779	1863947	4271894	1295242	1927369	1298128	1296909	2213597	3036997	3742360	1299398	1291586	1418070	1760622	1428175	1301169	1304022	1858802	1291554	1295124	4822848	1431947	1298898	1291842	2294568	1303010	1292528	1292234	1292208	1959877	1891179	1866264	1300945	1297574	1302090	3075287	10574622	1298644	3792799	1301106	1945549	3073124	4212172	1291858	1309020	2028666	1292233	3006772	1293124	2275370	1777612	1293203	1301345	1297447	1295865	1306861	1295644	1305466	1297518	1293825	1291549	1292224	1316572	1300299	1878360	1329962	1292348	1307793	2159331	2268359	3279107	1291548	1292328	3734112	1292000	1807959	4876722	1295409	1388216	1883755	4305436	1297630	2354729	1303590	3820191	1291546	1292056	3041806	1307847	3072086	1298112	1305487	3737102	1291550	3541415	2028645	1309004	4136036	1309015	1294638	1961963	1299080	1783772	6080775	1937401	3649049	1296778	1950148	3103678	1756584	1292217	1292849	1301174	1292223	2359431	1780330	1291561	4920528	3178770	3552028	1291562	1302827	1763134	2052978	1310174	6730004	4739952	1292484	1465829	1421809	1292370	1302425	1292001	3596502	6534248	1849031	3412882	1294990	1857099	1997685	10574468	1418200	1305690	4707230	1766086	1291835	1867345	1329950	1308747	1307023	2353023	1300267	1294963	2146991	1291853	1794435	1293818	1872133	4004731	1291545	1292213	1885124	1900841	3578981	1306317	4888039	1293530	1292287	1297544	3313801	1457217	6129693	5384548	1293964	1304624	2131459	1300303	1292262	1291840	1291828	1301168	1293555	2082013	1291557	1467044	3072124	1291555	1294408	1793912	1293351	1308857	4942776	2124724	2080133	1316580	5344178	1292553	1291818	3158990	2300586	2147129	1291841	1298038	3268216	1829230	6829652	2149806	6786002	1292274	1419297	1303394	4164444	1325958	2303163	1308817	1994876	1305541	1949312	3148027	1291868	1920805	1293839	4724739	1292523	1293167	1299288
1000585	1763134	2223596	2124703	1291999	2213591	1294766	3072124	2046839	3443389	1291565	4876722	1302476	2129039	1293172	3642835	1307914	1309021	1919245	1304970	3596502	1867335	1299131	1329962	1756073	1866471	6080775	5422105	3003830	1291843	3543690	3077791	1292064	2336785	1298898	1291578	1937946	3742360	4009651	4202302	4097023	1307315	1294240	1291579	3158990	1853621	3001077	3013580	3143676	1949312	3578981	1292722	3804470	1848925	1304102	1307394	1294639	2997134	1292219	3264045	1498818	1292226	3610047	3777800	1849031	1307811	1291858	3287562	3077668	2153526	3073124	4739952	4896304	1298744	1292370	1294833	1295280	2268359	1418834	3068206	3102668	2028585	1308820	1292215	4920528	1295038	2028645	1865703	1309160	1291561	1291545	1794435	1978369	1303590	1293544	1465829	2334904	10574622	1292286	3560787	1862151	1972698	2129132	3018123	1292220	1945336	3731581	1309101	1433330	4268598	1291828	4226741	1293359	2027938	1291560	2053515	5977835	2275370	1301445	1780330	3993559	4305436	1309055	1292720	2138838	1292484	3793023	1299398	3908423	1819388	3075287	4848115	3190880	1295644	4914468	1291838	2300586	1945549	1292371	2028677	1766086	1291549	3737102	2353023	3626416	1421823	3338821	3771562	1291544	1304447	3148748	1302827	5993185	1401533	1305903	3792799	1307793	1293318	4023638	1294638	1297995	1293818	1578507	1298525	1297131	1306526	4942776	3291930	3011235	3233761	1291586	1308777	1291583	1929463	2124724	3442220	1474185	2156528	3532614	1292000	1296996	1388175	1295124	1291841	4237879	2998270	1292343	1300960	4924142	2144242	3541415	1292224	1292223	3006772	2209368	3233635	1293702	3683409	1793491	2131459
